{"multilingual-woocommerce-nets-netaxept":{"title":"{:en}Multilingual WooCommerce Nets Netaxept{:}{:ru}\u041c\u0443\u043b\u044c\u0442\u0438\u044f\u0437\u044b\u0447\u043d\u043e\u0441\u0442\u044c \u0434\u043b\u044f WooCommerce Nets Netaxept{:}","_api_new_version":"1.0.3","_api_tested_up_to":"4.9.8"},"wpglobus-menu-visibility":{"title":"WPGlobus Menu Visibility","_api_new_version":"1.2.0","_api_tested_up_to":"4.9.6"},"wpglobus-mobile-menu":{"title":"{:en}WPGlobus Mobile Menu{:}{:ru}WPGlobus Mobile Menu{:}","_api_new_version":"1.2.2","_api_tested_up_to":"4.9.6"},"wpglobus-multi-currency":{"title":"{:en}WPGlobus Multi-Currency for WooCommerce{:}{:ru}WPGlobus - \u041c\u0443\u043b\u044c\u0442\u0438\u0432\u0430\u043b\u044e\u0442\u043d\u043e\u0441\u0442\u044c \u0434\u043b\u044f WooCommerce{:}","_api_new_version":"1.1.1","_api_tested_up_to":"4.9.4"},"wpglobus-language-widgets":{"title":"{:en}WPGlobus Language Widgets{:}{:ru}\u042f\u0437\u044b\u043a\u0438 WPGlobus \u0434\u043b\u044f \u0432\u0438\u0434\u0436\u0435\u0442\u043e\u0432{:}","_api_new_version":"1.1.0","_api_tested_up_to":"4.9.8"},"woocommerce-wpglobus":{"title":"{:en}WPGlobus for WooCommerce{:}{:ru}\u0420\u0430\u0441\u0448\u0438\u0440\u0435\u043d\u0438\u0435 WooCommerce WPGlobus{:}","_api_new_version":"3.5.0","_api_tested_up_to":"5.0.0"},"wpglobus-for-slider-revolution":{"title":"{:en}WPGlobus for Slider Revolution{:}{:ru}WPGlobus \u0434\u043b\u044f \u043f\u043b\u0430\u0433\u0438\u043d\u0430 Slider Revolution{:}","_api_new_version":"1.6.0","_api_tested_up_to":"5.0.2"},"wpglobus-header-images":{"title":"{:en}WPGlobus Header Images{:}{:ru}WPGlobus Header Images{:}","_api_new_version":"2.0.0","_api_tested_up_to":"5.0.4"},"wpglobus-multilingual-notices":{"title":"{:en}WPGlobus Multilingual Notices{:}{:ru}WPGlobus - \u043c\u043d\u043e\u0433\u043e\u044f\u0437\u044b\u0447\u043d\u044b\u0435 \u0443\u0432\u0435\u0434\u043e\u043c\u043b\u0435\u043d\u0438\u044f{:}","_api_new_version":"1.0.0","_api_tested_up_to":"5.1"},"wpglobus-plus":{"title":"{:en}WPGlobus Plus multilingual extension{:}{:ru}WPGlobus \u041f\u043b\u044e\u0441{:}","_api_new_version":"1.1.56","_api_tested_up_to":"5.1.1"},"wpglobus-for-bridge-theme":{"title":"{:en}WPGlobus for the \"Bridge\" theme{:}{:ru}WPGlobus \u0434\u043b\u044f \u0442\u0435\u043c\u044b Bridge{:}","_api_new_version":"2.1.0","_api_tested_up_to":"5.2"}}